{"data":[{"file":{"image":"bgEffect_007.png","imgcut":"bgEffect_007.imgcut","model":"bgEffect_007.mamodel","anime":"bgEffect_007_00_0.maanim"},"name":"炎左　左1","count":{"value":1},"x":{"value":350},"y":{"value":240},"z":{"value":0,"base":"backChara"},"scaleY":{"value":1.2},"frame":{"value":0}},{"file":{"image":"bgEffect_007.png","imgcut":"bgEffect_007.imgcut","model":"bgEffect_007.mamodel","anime":"bgEffect_007_00_1.maanim"},"name":"炎左　左2","count":{"value":1},"x":{"value":315},"y":{"value":245},"z":{"value":0,"base":"backChara"},"scaleY":{"value":1.15},"frame":{"value":0}},{"file":{"image":"bgEffect_007.png","imgcut":"bgEffect_007.imgcut","model":"bgEffect_007.mamodel","anime":"bgEffect_007_00_2.maanim"},"name":"炎左　左3","count":{"value":1},"x":{"value":280},"y":{"value":255},"z":{"value":0,"base":"backChara"},"scaleY":{"value":1.1},"frame":{"value":0}},{"file":{"image":"bgEffect_007.png","imgcut":"bgEffect_007.imgcut","model":"bgEffect_007.mamodel","anime":"bgEffect_007_00_3.maanim"},"name":"炎左　左4","count":{"value":1},"x":{"value":250},"y":{"value":260},"z":{"value":0,"base":"backChara"},"frame":{"value":0}},{"file":{"image":"bgEffect_007.png","imgcut":"bgEffect_007.imgcut","model":"bgEffect_007.mamodel","anime":"bgEffect_007_00_4.maanim"},"name":"炎左　左5","count":{"value":1},"x":{"value":220},"y":{"value":270},"z":{"value":0,"base":"backChara"},"scaleY":{"value":0.9},"frame":{"value":0}},{"file":{"image":"bgEffect_007.png","imgcut":"bgEffect_007.imgcut","model":"bgEffect_007.mamodel","anime":"bgEffect_007_00_0.maanim"},"name":"炎左　右1","count":{"value":1},"x":{"value":625},"y":{"value":240},"z":{"value":0,"base":"backChara"},"scaleY":{"value":1.2},"frame":{"value":0}},{"file":{"image":"bgEffect_007.png","imgcut":"bgEffect_007.imgcut","model":"bgEffect_007.mamodel","anime":"bgEffect_007_00_1.maanim"},"name":"炎左　右2","count":{"value":1},"x":{"value":655},"y":{"value":245},"z":{"value":0,"base":"backChara"},"scaleY":{"value":1.15},"frame":{"value":0}},{"file":{"image":"bgEffect_007.png","imgcut":"bgEffect_007.imgcut","model":"bgEffect_007.mamodel","anime":"bgEffect_007_00_2.maanim"},"name":"炎左　右3","count":{"value":1},"x":{"value":690},"y":{"value":255},"z":{"value":0,"base":"backChara"},"scaleY":{"value":1.1},"frame":{"value":0}},{"file":{"image":"bgEffect_007.png","imgcut":"bgEffect_007.imgcut","model":"bgEffect_007.mamodel","anime":"bgEffect_007_00_3.maanim"},"name":"炎左　右4","count":{"value":1},"x":{"value":715},"y":{"value":260},"z":{"value":0,"base":"backChara"},"frame":{"value":0}},{"file":{"image":"bgEffect_007.png","imgcut":"bgEffect_007.imgcut","model":"bgEffect_007.mamodel","anime":"bgEffect_007_00_4.maanim"},"name":"炎左　右5","count":{"value":1},"x":{"value":745},"y":{"value":270},"z":{"value":0,"base":"backChara"},"scaleY":{"value":0.9},"frame":{"value":0}},{"file":{"image":"bgEffect_007.png","imgcut":"bgEffect_007.imgcut","model":"bgEffect_007.mamodel","anime":"bgEffect_007_00_0.maanim"},"name":"炎中央　左1","count":{"value":1},"x":{"value":1312},"y":{"value":240},"z":{"value":0,"base":"backChara"},"scaleY":{"value":1.2},"frame":{"value":0}},{"file":{"image":"bgEffect_007.png","imgcut":"bgEffect_007.imgcut","model":"bgEffect_007.mamodel","anime":"bgEffect_007_00_1.maanim"},"name":"炎中央　左2","count":{"value":1},"x":{"value":1265},"y":{"value":245},"z":{"value":0,"base":"backChara"},"scaleY":{"value":1.15},"frame":{"value":0}},{"file":{"image":"bgEffect_007.png","imgcut":"bgEffect_007.imgcut","model":"bgEffect_007.mamodel","anime":"bgEffect_007_00_2.maanim"},"name":"炎中央　左3","count":{"value":1},"x":{"value":1225},"y":{"value":255},"z":{"value":0,"base":"backChara"},"scaleY":{"value":1.1},"frame":{"value":0}},{"file":{"image":"bgEffect_007.png","imgcut":"bgEffect_007.imgcut","model":"bgEffect_007.mamodel","anime":"bgEffect_007_00_3.maanim"},"name":"炎中央　左4","count":{"value":1},"x":{"value":1193},"y":{"value":260},"z":{"value":0,"base":"backChara"},"frame":{"value":0}},{"file":{"image":"bgEffect_007.png","imgcut":"bgEffect_007.imgcut","model":"bgEffect_007.mamodel","anime":"bgEffect_007_00_4.maanim"},"name":"炎中央　左5","count":{"value":1},"x":{"value":1165},"y":{"value":270},"z":{"value":0,"base":"backChara"},"scaleY":{"value":0.9},"frame":{"value":0}},{"file":{"image":"bgEffect_007.png","imgcut":"bgEffect_007.imgcut","model":"bgEffect_007.mamodel","anime":"bgEffect_007_00_0.maanim"},"name":"炎中央　右1","count":{"value":1},"x":{"value":1580},"y":{"value":240},"z":{"value":0,"base":"backChara"},"scaleY":{"value":1.2},"frame":{"value":0}},{"file":{"image":"bgEffect_007.png","imgcut":"bgEffect_007.imgcut","model":"bgEffect_007.mamodel","anime":"bgEffect_007_00_1.maanim"},"name":"炎中央　右2","count":{"value":1},"x":{"value":1610},"y":{"value":245},"z":{"value":0,"base":"backChara"},"scaleY":{"value":1.15},"frame":{"value":0}},{"file":{"image":"bgEffect_007.png","imgcut":"bgEffect_007.imgcut","model":"bgEffect_007.mamodel","anime":"bgEffect_007_00_2.maanim"},"name":"炎中央　右3","count":{"value":1},"x":{"value":1645},"y":{"value":255},"z":{"value":0,"base":"backChara"},"scaleY":{"value":1.1},"frame":{"value":0}},{"file":{"image":"bgEffect_007.png","imgcut":"bgEffect_007.imgcut","model":"bgEffect_007.mamodel","anime":"bgEffect_007_00_3.maanim"},"name":"炎中央　右4","count":{"value":1},"x":{"value":1675},"y":{"value":260},"z":{"value":0,"base":"backChara"},"frame":{"value":0}},{"file":{"image":"bgEffect_007.png","imgcut":"bgEffect_007.imgcut","model":"bgEffect_007.mamodel","anime":"bgEffect_007_00_4.maanim"},"name":"炎中央　右5","count":{"value":1},"x":{"value":1705},"y":{"value":270},"z":{"value":0,"base":"backChara"},"scaleY":{"value":0.9},"frame":{"value":0}},{"file":{"image":"bgEffect_007.png","imgcut":"bgEffect_007.imgcut","model":"bgEffect_007.mamodel","anime":"bgEffect_007_00_5.maanim"},"name":"電光掲示板　左","count":{"value":1},"x":{"value":883},"y":{"value":373},"z":{"value":0,"base":"backChara"},"scale":{"value":1.25},"frame":{"value":0}},{"file":{"image":"bgEffect_007.png","imgcut":"bgEffect_007.imgcut","model":"bgEffect_007.mamodel","anime":"bgEffect_007_00_5.maanim"},"name":"電光掲示板　中央","count":{"value":1},"x":{"value":1843},"y":{"value":373},"z":{"value":0,"base":"backChara"},"scale":{"value":1.25},"frame":{"value":0}},{"file":{"image":"bgEffect_007.png","imgcut":"bgEffect_007.imgcut","model":"bgEffect_007.mamodel","anime":"bgEffect_007_00_6.maanim"},"name":"GOLDEN文字　左","count":{"value":1},"x":{"value":484},"y":{"value":182},"z":{"value":0,"base":"backChara"},"scale":{"value":1.25},"frame":{"value":0}},{"file":{"image":"bgEffect_007.png","imgcut":"bgEffect_007.imgcut","model":"bgEffect_007.mamodel","anime":"bgEffect_007_00_6.maanim"},"name":"GOLDEN文字　中央","count":{"value":1},"x":{"value":1444},"y":{"value":182},"z":{"value":0,"base":"backChara"},"scale":{"value":1.25},"frame":{"value":0}},{"file":{"image":"bgEffect_007.png","imgcut":"bgEffect_007.imgcut","model":"bgEffect_007.mamodel","anime":"bgEffect_007_00_7.maanim"},"name":"★　左","count":{"value":1},"x":{"value":485},"y":{"value":269},"z":{"value":0,"base":"backChara"},"scale":{"value":1.25},"frame":{"value":0}},{"file":{"image":"bgEffect_007.png","imgcut":"bgEffect_007.imgcut","model":"bgEffect_007.mamodel","anime":"bgEffect_007_00_7.maanim"},"name":"★　中央","count":{"value":1},"x":{"value":1445},"y":{"value":269},"z":{"value":0,"base":"backChara"},"scale":{"value":1.25},"frame":{"value":0}},{"file":{"image":"bgEffect_007.png","imgcut":"bgEffect_007.imgcut","model":"bgEffect_007.mamodel","anime":"bgEffect_007_00_8.maanim"},"name":"電光掲示板　土台　左","count":{"value":1},"x":{"value":880},"y":{"value":379},"z":{"value":0,"base":"backChara"},"scale":{"value":1.25},"frame":{"value":0}},{"file":{"image":"bgEffect_007.png","imgcut":"bgEffect_007.imgcut","model":"bgEffect_007.mamodel","anime":"bgEffect_007_00_8.maanim"},"name":"電光掲示板　土台　中央","count":{"value":1},"x":{"value":1841},"y":{"value":379},"z":{"value":0,"base":"backChara"},"scale":{"value":1.25},"frame":{"value":0}},{"file":{"image":"bgEffect_007.png","imgcut":"bgEffect_007.imgcut","model":"bgEffect_007.mamodel","anime":"bgEffect_007_00_0.maanim"},"name":"炎右　左1","count":{"value":1},"x":{"value":2270},"y":{"value":240},"z":{"value":0,"base":"backChara"},"scaleY":{"value":1.2},"frame":{"value":0}},{"file":{"image":"bgEffect_007.png","imgcut":"bgEffect_007.imgcut","model":"bgEffect_007.mamodel","anime":"bgEffect_007_00_1.maanim"},"name":"炎右　左2","count":{"value":1},"x":{"value":2225},"y":{"value":245},"z":{"value":0,"base":"backChara"},"scaleY":{"value":1.15},"frame":{"value":0}},{"file":{"image":"bgEffect_007.png","imgcut":"bgEffect_007.imgcut","model":"bgEffect_007.mamodel","anime":"bgEffect_007_00_2.maanim"},"name":"炎右　左3","count":{"value":1},"x":{"value":2185},"y":{"value":255},"z":{"value":0,"base":"backChara"},"scaleY":{"value":1.1},"frame":{"value":0}},{"file":{"image":"bgEffect_007.png","imgcut":"bgEffect_007.imgcut","model":"bgEffect_007.mamodel","anime":"bgEffect_007_00_3.maanim"},"name":"炎右　左4","count":{"value":1},"x":{"value":2153},"y":{"value":260},"z":{"value":0,"base":"backChara"},"frame":{"value":0}},{"file":{"image":"bgEffect_007.png","imgcut":"bgEffect_007.imgcut","model":"bgEffect_007.mamodel","anime":"bgEffect_007_00_4.maanim"},"name":"炎右　左5","count":{"value":1},"x":{"value":2125},"y":{"value":270},"z":{"value":0,"base":"backChara"},"scaleY":{"value":0.9},"frame":{"value":0}},{"file":{"image":"bgEffect_007.png","imgcut":"bgEffect_007.imgcut","model":"bgEffect_007.mamodel","anime":"bgEffect_007_00_0.maanim"},"name":"炎右　右1","count":{"value":1},"x":{"value":2540},"y":{"value":240},"z":{"value":0,"base":"backChara"},"scaleY":{"value":1.2},"frame":{"value":0}},{"file":{"image":"bgEffect_007.png","imgcut":"bgEffect_007.imgcut","model":"bgEffect_007.mamodel","anime":"bgEffect_007_00_1.maanim"},"name":"炎右　右2","count":{"value":1},"x":{"value":2570},"y":{"value":245},"z":{"value":0,"base":"backChara"},"scaleY":{"value":1.15},"frame":{"value":0}},{"file":{"image":"bgEffect_007.png","imgcut":"bgEffect_007.imgcut","model":"bgEffect_007.mamodel","anime":"bgEffect_007_00_2.maanim"},"name":"炎右　右3","count":{"value":1},"x":{"value":2610},"y":{"value":255},"z":{"value":0,"base":"backChara"},"scaleY":{"value":1.1},"frame":{"value":0}},{"file":{"image":"bgEffect_007.png","imgcut":"bgEffect_007.imgcut","model":"bgEffect_007.mamodel","anime":"bgEffect_007_00_3.maanim"},"name":"炎右　右4","count":{"value":1},"x":{"value":2640},"y":{"value":260},"z":{"value":0,"base":"backChara"},"frame":{"value":0}},{"file":{"image":"bgEffect_007.png","imgcut":"bgEffect_007.imgcut","model":"bgEffect_007.mamodel","anime":"bgEffect_007_00_4.maanim"},"name":"炎右　右5","count":{"value":1},"x":{"value":2665},"y":{"value":270},"z":{"value":0,"base":"backChara"},"scaleY":{"value":0.9},"frame":{"value":0}},{"file":{"image":"bgEffect_007.png","imgcut":"bgEffect_007.imgcut","model":"bgEffect_007.mamodel","anime":"bgEffect_007_00_6.maanim"},"name":"GOLDEN文字　右","count":{"value":1},"x":{"value":2403},"y":{"value":182},"z":{"value":0,"base":"backChara"},"scale":{"value":1.25},"frame":{"value":0}},{"file":{"image":"bgEffect_007.png","imgcut":"bgEffect_007.imgcut","model":"bgEffect_007.mamodel","anime":"bgEffect_007_00_7.maanim"},"name":"★　右","count":{"value":1},"x":{"value":2404},"y":{"value":269},"z":{"value":0,"base":"backChara"},"scale":{"value":1.25},"frame":{"value":0}},{"file":{"image":"bgEffect_007.png","imgcut":"bgEffect_007.imgcut","model":"bgEffect_007.mamodel","anime":"bgEffect_007_00_5.maanim"},"name":"電光掲示板　右","count":{"value":1},"x":{"value":2800},"y":{"value":373},"z":{"value":0,"base":"backChara"},"scale":{"value":1.25},"frame":{"value":0}},{"file":{"image":"bgEffect_007.png","imgcut":"bgEffect_007.imgcut","model":"bgEffect_007.mamodel","anime":"bgEffect_007_00_8.maanim"},"name":"電光掲示板　土台　右","count":{"value":1},"x":{"value":2800},"y":{"value":379},"z":{"value":0,"base":"backChara"},"scale":{"value":1.25},"frame":{"value":0}}]}